clage,n_tot_dose1,taux_dose1
18-24 ans,285,
25-29 ans,589,0.4353192464320821
30-39 ans,2193,0.7049792170969515
40-49 ans,3987,1.1738830886639462
50-59 ans,11701,3.1281830552518235
60-64 ans,4748,2.5435123827482577
65-69 ans,3124,1.7216769265531742
70-74 ans,3629,2.037687962536638
75-79 ans,15118,13.969820456666573
80 ans et plus,33509,16.483754335046854
